user_input,retrieved_contexts,response,reference
What city is NovaGrid Energy Corporation headquartered in?,"['Text Content:\nenergy infrastructure, headquartered in Oslo, Norway. Established in 2010, NovaGrid \nhas grown into a global clean energy leader, with over 150 operational solar, wind, and \nhybrid power projects in 23 countries. \nWe serve both utility-scale and distributed generation markets and have committed to \ndelivering 20 GW of clean energy capacity by 2030, aligned with global climate goals. \nNovaGrid at a Glance: \n• Headquarters: Oslo, Norway \n• Employees: 7,200 globally\n\nEntities:\nOslo, Norway, 2010, 2030, • Headquarters\n\nRelated Context:\nOslo, Norway, 2010, 2030, • Headquarters', 'Text Content:\n• Employees: 7,200 globally \n• Operational Markets: 23 countries \n• Energy Portfolio: 9.6 GW (current), 20 GW (target by 2030) \n• Annual Revenue: €4.2 billion \n• Flagship Projects: SolarisOne (Chile), HorizonWind (India), AtlasGrid (Kenya) \nMore information is available at: \n[www.novagridenergy.com] \n \niii. Scope of Work \nThe selected bank will be required to deliver integrated treasury and transaction \nservices to support NovaGrid’s evolving needs. Specific services include:\n\nEntities:\n2030, • Employees, • Energy Portfolio, • Flagship Projects, SolarisOne, HorizonWind, AtlasGrid, Chile, India, Kenya, Annual, The selected bank will be required to deliver integrated treasury and transaction \nservices to suppo, include:, €4.2 billion\n\nRelated Context:\n2030, • Employees, include:, The selected bank will be required to deliver integrated treasury and transaction \nservices to suppo, • Energy Portfolio, • Flagship Projects, SolarisOne, HorizonWind, AtlasGrid, Chile, India, Keny...', 'Text Content:\ndigital solutions, and support NovaGrid’s ESG-linked financing and investment \nstrategies. \nThis RFP seeks a partner to provide sophisticated liquidity solutions, streamline our \nglobal payments infrastructure, and help us optimize capital allocation across diverse \nmarkets, including renewable energy project sites in Asia, Africa, and South America. \n \nii. Company Background \nNovaGrid Energy Corporation is a leading developer and operator of sustainable\n\nEntities:\nSouth America, payment, Background \nNovaGrid Energy Corporation, Asia, Africa\n\nRelated Context:\nSouth America, payment, Background \nNovaGrid Energy Corporation, Asia, Africa']","NovaGrid Energy Corporation is headquartered in Oslo, Norway.","NovaGrid Energy Corporation is headquartered in Oslo, the capital city of Norway."
In which year is AlTahadi Aviation Group scheduled to take its inaugural commercial flight?,"['Text Content:\nii. Company Background  \n \nXXX – the new national airline that is shaping the future of flying was established in YEAR1 by \nYYY as a wholly owned subsidiary of the Public Investment Fund (“PIF”).  \nXXX seeks to lead the aviation industry by transforming the Kingdom of AAA_Country \n(“AAA_Country”), given its unique strategic location, into a global aviation and trade hub. It is \nthe product of AAA_Country’s National Aviation Strategy, which sets out to shape the future of \nflying by:\n\nEntities:\nXXX, the Public Investment Fund, PIF, AAA_Country’s, YEAR1, the Kingdom of AAA_Country\n\nRelated Context:\nXXX, AAA_Country’s, PIF, the Public Investment Fund, YEAR1, the Kingdom of AAA_Country', 'Text Content:\nflying by:  \n• Launching a new national airline based in ZZZ, AAA_Country’s capital city.  \n• Introducing new modern standards in the aviation sector.  \n• Supporting the ambition of tripling annual travelers to AAA_Country to 330 million by 2030.  \n \nThe airline will leverage strong point-to-point demand, connect tourists around the world to \nAAA_Country, support job creation in the aviation and tourism sector, and play a significant role\n\nEntities:\n2030, ZZZ, AAA_Country, annual\n\nRelated Context:\n2030, ZZZ, banking, AAA_Country, Company – XXX, annual', 'Text Content:\naviation industries and offer an exceptional guest experience with obsessive attention to detail \nand authentic Saudi hospitality at its heart.  \nAirline Value Proposition and Positioning  \n• The airline shall be established as a full-service carrier operating both international and \ndomestic sectors. There will be a focus on sustainable profitability with a tailored offering \ntargeting customer preferences with strong value for money.\n\nEntities:\ncarrier operating both international and \ndomestic sectors\n\nRelated Context:\ncarrier operating both international and \ndomestic sectors']","The retrieved documents do not provide specific information regarding the year in which AlTahadi Aviation Group is scheduled to take its inaugural commercial flight. Therefore, I cannot provide a factual answer to the question based on the available text content.",AlTahadi Aviation Group has announced that its inaugural commercial flight is scheduled for the year 2025.
AtlasVentures Consulting Group is headquartered in which country?,"['Text Content:\nWe aim to achieve real-time visibility into corporate spending, simplify reconciliation, \nand optimize working capital through smart credit and reporting tools. \n \nii. Company Background \nAtlasVentures Consulting Group is a privately held, global strategy and management \nconsulting firm headquartered in Toronto, Canada. Since its founding in 2002, \nAtlasVentures has expanded into 45 countries, supporting Fortune 500 clients in\n\nEntities:\nAtlasVentures Consulting Group, AtlasVentures, Toronto, Canada, 2002\n\nRelated Context:\nAtlasVentures Consulting Group, AtlasVentures, Toronto, Canada, 2002', 'Text Content:\nsectors including healthcare, tech, infrastructure, and government transformation. \nOur business involves frequent cross-border travel, dynamic client engagements, and \ncomplex project-based expense structures that require modern, agile financial tools. \nAtlasVentures Snapshot: \n• Global Headcount: 3,800 consultants \n• Presence: 60 offices in 45 countries \n• Annual Revenue: USD 1.1 billion \n• Top Clients: Confidential (Fortune 100) \n• Technology Stack: Workday Financials, SAP Concur\n\nEntities:\nAnnual, • Technology Stack, Workday Financials, SAP Concur, USD 1.1 billion\n\nRelated Context:\nAnnual, • Technology Stack, Workday Financials, SAP Concur, We require a financial institution to deliver a corporate card and expense management \nplatform with, USD 1.1 billion', 'Text Content:\nCompany website: \n[www.atlasventuresgroup.com] \n \niii. Scope of Work \nWe require a financial institution to deliver a corporate card and expense management \nplatform with the following capabilities: \n1. Global Card Issuance (Virtual + Physical) \n2. Customizable Spend Controls by Role/Region \n3. Real-Time Transaction Visibility \n4. Direct Integration with Workday and SAP Concur \n5. AI/ML-Based Policy Enforcement \n6. Dynamic Credit Line Adjustments \n7. Mobile-first UX for Employees\n\nEntities:\nSAP Concur, Global Card Issuance, Real-Time Transaction Visibility, AI/ML-Based Policy Enforcement, We require a financial institution to deliver a corporate card and expense management \nplatform with\n\nRelated Context:\nSAP Concur, We require a financial institution to deliver a corporate card and expense management \nplatform with, Global Card Issuance, Real-Time Transaction Visibility, AI/ML-Based Policy Enforcement']","AtlasVentures Consulting Group is headquartered in Toronto, Canada.",AtlasVentures Consulting Group’s global headquarters is located in Canada.
Which RFP includes a requirement for ESG‑Linked Financial Instruments?,"['Text Content:\n• Virtual account.  \n• Payments.  \n• Integration.  \n• Sustainability.  \n• Innovation and Digital Strategy.  \n• Pricing.  \n \n \nv. General Information  \n \nTimetable  \nXXX anticipates the following \ngeneral time frames in connection \nwith issuance of this RFP , review, \nand analysis of proposals. Event  \nTime Frame  \nRFP Issuance  Jun 25  \nBanks Confirmation of RFP Receipt  Jun 27  \nBanks Submit RFP Questions / \nNotify Non-participation  \nJuly 13  \nRX response to Questions  July 18\n\nEntities:\n• Virtual, Digital Strategy, General Information  \n \nTimetable, Notify Non-participation, July 13, July 18, Receipt  Jun 27, Payment\n\nRelated Context:\n• Virtual, Payment, Receipt  Jun 27, Liquidity management, Digital Strategy, General Information  \n \nTimetable, Notify Non-participation, July 13, July 18, NovaGrid Energy Corporation, • Account Structure & Liquidity, Client Management, Customer Service, Bank Integration  \n10', 'Text Content:\nRequest for Proposal \nGlobal Treasury and Payments Services \nFor \nNovaGrid Energy Corporation \n25 June 2024 \n \ni. Purpose of the RFP \nNovaGrid Energy Corporation is issuing this Request for Proposal (RFP) to identify a \nglobal banking partner capable of supporting our rapidly expanding energy portfolio with \ninnovative, secure, and scalable treasury services. The ideal partner will demonstrate \nexpertise in complex, multi-entity structures across jurisdictions, deliver cutting-edge\n\nEntities:\nNovaGrid Energy Corporation, June 2024, For \nNovaGrid Energy Corporation \n25 June 2024 \n \ni, s, Payment, banking\n\nRelated Context:\nNovaGrid Energy Corporation, banking, Payment, s, For \nNovaGrid Energy Corporation \n25 June 2024 \n \ni, June 2024, Finalist Presentations, Confirmation of Participation 28 June 2024, General Information \nTimetable \nEvent Date, Notify Non-participation, General Information  \n \nTimetable, Digital Strategy, • Virtual, • Account Structure & Liquidity, Client M...', 'Text Content:\nRequest For Proposal  \nBanking Cash Management Services  \nFor  \nAviation Services Company  \n(XXX)  \n25 Jun 2024  \n \ni. Purpose of the RFP:  \n \nThe primary objective of issuing this Request for Proposal (RFP) is to identify and select an \ninternational banking partner that aligns closely with XXX strategic objectives and can provide \ncomprehensive support for international expansion efforts. By engaging with leading\n\nEntities:\nFor  \nAviation Services Company  \n(XXX)  \n25 Jun 2024  \n \ni, Banking, Cash Management, XXX, banking\n\nRelated Context:\nFor  \nAviation Services Company  \n(XXX)  \n25 Jun 2024  \n \ni, Banking, Client Management, Customer Service, Bank Integration  \n10, Transaction Services, Credit Facilities, Liquidity Management  \n4, Cash Management, XXX, AAA_Country’s, PIF, the Public Investment Fund, banking, NovaGrid Energy Corporation, ASC, Aviation Industry Expertise, Geographical Reach, ZZZ']","The retrieved documents do not explicitly mention any Request for Proposal (RFP) that includes a requirement for ESG-Linked Financial Instruments. The available RFPs focus on general banking services, treasury services, and cash management without specific reference to ESG-linked financial instruments. Therefore, based on the provided information, there is no RFP identified that includes such a requirement.",The NovaGrid Energy Corporation treasury and payments RFP specifically includes a requirement for ESG‑linked financial instruments.
How many Boeing 787‑9 Dreamliner aircraft has AlTahadi Aviation Group confirmed in its order?,"['Text Content:\n• 2025 – XXX will take flight.  \n• 72 Boeing 787-9 Dreamliner aircraft order – 39 confirmed | 33 optional.  \n• +200k - Job opportunities created directly and indirectly by 2030.  \n \nAAA_Country in Numbers  \n• Population – over 35 million.  \n• Average age – 30 Years old.  \n• GDP - greater than USD 830 billion.  \n \nZZZ City in Numbers  \n• Twenty per cent. (20%) of AAA_Country’s population live in ZZZ.  \n• Over SAR825 billion in investments to transform ZZZ into a global city by 2030.\n\nEntities:\n2030, ZZZ, AAA_Country, Boeing, ZZZ City, 20%\n\nRelated Context:\n2030, ZZZ, banking, AAA_Country, Company – XXX, Boeing, ZZZ City, 20%', 'Text Content:\n• As part of the overall strategy of the airline, the airline will incorporate cutting edge \ntechnologies across various touchpoints.  \n• The airline will be digitally born which requires integration of the customer experience offering \nwith digital systems.  \n• It is expected to add USD20 billion to the country’s non-oil GDP and create >200k jobs both \ndirectly and indirectly by end of 2030.  \n \nXXX in Numbers  \n• +100 - Destinations by 2030.  \n• 2025 – XXX will take flight.\n\nEntities:\n2030, 2025\n\nRelated Context:\n2030, 2025', 'Text Content:\naviation industries and offer an exceptional guest experience with obsessive attention to detail \nand authentic Saudi hospitality at its heart.  \nAirline Value Proposition and Positioning  \n• The airline shall be established as a full-service carrier operating both international and \ndomestic sectors. There will be a focus on sustainable profitability with a tailored offering \ntargeting customer preferences with strong value for money.\n\nEntities:\ncarrier operating both international and \ndomestic sectors\n\nRelated Context:\ncarrier operating both international and \ndomestic sectors']","AlTahadi Aviation Group has confirmed an order for 39 Boeing 787-9 Dreamliner aircraft, with a total order of 72 aircraft, including 33 optional.","AlTahadi Aviation Group has a confirmed order for 39 Boeing 787‑9 Dreamliner aircraft, with an additional 33 on option."
Which expense or ERP system must AtlasVentures’ corporate card platform integrate with besides SAP Concur?,"['Text Content:\nCompany website: \n[www.atlasventuresgroup.com] \n \niii. Scope of Work \nWe require a financial institution to deliver a corporate card and expense management \nplatform with the following capabilities: \n1. Global Card Issuance (Virtual + Physical) \n2. Customizable Spend Controls by Role/Region \n3. Real-Time Transaction Visibility \n4. Direct Integration with Workday and SAP Concur \n5. AI/ML-Based Policy Enforcement \n6. Dynamic Credit Line Adjustments \n7. Mobile-first UX for Employees\n\nEntities:\nSAP Concur, Global Card Issuance, Real-Time Transaction Visibility, AI/ML-Based Policy Enforcement, We require a financial institution to deliver a corporate card and expense management \nplatform with\n\nRelated Context:\nSAP Concur, We require a financial institution to deliver a corporate card and expense management \nplatform with, AI/ML-Based Policy Enforcement, Real-Time Transaction Visibility, Global Card Issuance', 'Text Content:\nRequest for Proposal \nCorporate Card and Expense Management Program \nFor \nAtlasVentures Consulting Group \n25 June 2024 \n \ni. Purpose of the RFP \nAtlasVentures Consulting Group seeks proposals from qualified financial institutions to \nprovide an integrated corporate card and expense management solution to support its \nglobal operations. The selected provider will help streamline employee spend, enhance \npolicy compliance, and integrate seamlessly with our finance systems.\n\nEntities:\nExpense Management Program, AtlasVentures Consulting Group, June 2024\n\nRelated Context:\nExpense Management Program, AtlasVentures Consulting Group, June 2024', 'Text Content:\nsectors including healthcare, tech, infrastructure, and government transformation. \nOur business involves frequent cross-border travel, dynamic client engagements, and \ncomplex project-based expense structures that require modern, agile financial tools. \nAtlasVentures Snapshot: \n• Global Headcount: 3,800 consultants \n• Presence: 60 offices in 45 countries \n• Annual Revenue: USD 1.1 billion \n• Top Clients: Confidential (Fortune 100) \n• Technology Stack: Workday Financials, SAP Concur\n\nEntities:\nAnnual, • Technology Stack, Workday Financials, SAP Concur, USD 1.1 billion\n\nRelated Context:\nAnnual, • Technology Stack, Workday Financials, SAP Concur, We require a financial institution to deliver a corporate card and expense management \nplatform with, AI/ML-Based Policy Enforcement, Real-Time Transaction Visibility, Global Card Issuance, USD 1.1 billion']",AtlasVentures’ corporate card platform must integrate with Workday in addition to SAP Concur.,"In addition to SAP Concur, AtlasVentures requires its corporate card platform to integrate directly with Workday Financials."
"Which organization targets the creation of over 200,000 direct and indirect jobs by 2030?","['Text Content:\n• As part of the overall strategy of the airline, the airline will incorporate cutting edge \ntechnologies across various touchpoints.  \n• The airline will be digitally born which requires integration of the customer experience offering \nwith digital systems.  \n• It is expected to add USD20 billion to the country’s non-oil GDP and create >200k jobs both \ndirectly and indirectly by end of 2030.  \n \nXXX in Numbers  \n• +100 - Destinations by 2030.  \n• 2025 – XXX will take flight.\n\nEntities:\n2030, 2025\n\nRelated Context:\n2030, 2025', 'Text Content:\n• 2025 – XXX will take flight.  \n• 72 Boeing 787-9 Dreamliner aircraft order – 39 confirmed | 33 optional.  \n• +200k - Job opportunities created directly and indirectly by 2030.  \n \nAAA_Country in Numbers  \n• Population – over 35 million.  \n• Average age – 30 Years old.  \n• GDP - greater than USD 830 billion.  \n \nZZZ City in Numbers  \n• Twenty per cent. (20%) of AAA_Country’s population live in ZZZ.  \n• Over SAR825 billion in investments to transform ZZZ into a global city by 2030.\n\nEntities:\n2030, ZZZ, AAA_Country, Boeing, ZZZ City, 20%\n\nRelated Context:\n2030, ZZZ, banking, AAA_Country, Company – XXX, Boeing, ZZZ City, 20%', 'Text Content:\nflying by:  \n• Launching a new national airline based in ZZZ, AAA_Country’s capital city.  \n• Introducing new modern standards in the aviation sector.  \n• Supporting the ambition of tripling annual travelers to AAA_Country to 330 million by 2030.  \n \nThe airline will leverage strong point-to-point demand, connect tourists around the world to \nAAA_Country, support job creation in the aviation and tourism sector, and play a significant role\n\nEntities:\n2030, ZZZ, AAA_Country, annual\n\nRelated Context:\n2030, ZZZ, banking, AAA_Country, Company – XXX, annual']","The organization that targets the creation of over 200,000 direct and indirect jobs by 2030 is the airline mentioned in the retrieved documents, referred to as XXX. It is expected to add USD 20 billion to the country’s non-oil GDP and create more than 200,000 jobs by the end of 2030.","AlTahadi Aviation Group projects that it will create more than 200,000 direct and indirect jobs by the year 2030."
Which RFP lists 'Virtual Account Offerings' among its evaluation criteria?,"['Text Content:\na blend of Yes/No queries as well as essay-style questions necessitating the provision of \ncomprehensive details and in-depth expansion from the banks.  \niv. Evaluation Criteria:  \n \nThe offers will be evaluated taking into consideration the following criteria. The order is not \nrepresentative of the weightage applied to the evaluation:  \n• Geographic Coverage.  \n• Customer Service.  \n• Account Structure & Liquidity management.  \n• Collections Solutions.  \n• Virtual account.  \n• Payments.\n\nEntities:\n• Account Structure & Liquidity, • Virtual, Liquidity management, Payment\n\nRelated Context:\n• Account Structure & Liquidity, Payment, Liquidity management, • Virtual, Receipt  Jun 27, NovaGrid Energy Corporation, Notify Non-participation, General Information  \n \nTimetable, Digital Strategy, Client Management, Customer Service, Bank Integration  \n10', 'Text Content:\n• Virtual account.  \n• Payments.  \n• Integration.  \n• Sustainability.  \n• Innovation and Digital Strategy.  \n• Pricing.  \n \n \nv. General Information  \n \nTimetable  \nXXX anticipates the following \ngeneral time frames in connection \nwith issuance of this RFP , review, \nand analysis of proposals. Event  \nTime Frame  \nRFP Issuance  Jun 25  \nBanks Confirmation of RFP Receipt  Jun 27  \nBanks Submit RFP Questions / \nNotify Non-participation  \nJuly 13  \nRX response to Questions  July 18\n\nEntities:\n• Virtual, Digital Strategy, General Information  \n \nTimetable, Notify Non-participation, July 13, July 18, Receipt  Jun 27, Payment\n\nRelated Context:\n• Virtual, Payment, Receipt  Jun 27, Liquidity management, Digital Strategy, General Information  \n \nTimetable, Notify Non-participation, July 13, July 18, NovaGrid Energy Corporation, • Account Structure & Liquidity, Client Management, Customer Service, Bank Integration  \n10', 'Text Content:\n• Customization Flexibility \n• Security Standards and Incident Response \n• Pricing Structure and Rebates \n• Client Support and Issue Resolution \n \nv. General Information \nRFP Timeline \nEvent Date \nRFP Released 25 June 2024 \nConfirmation of Participation 30 June 2024 \nDeadline for Questions 10 July 2024 \nAnswers Shared 14 July 2024 \nProposal Deadline 29 July 2024 \nFinalist Interviews 12–14 August 2024 \nPreferred Vendor Selection 1 September 2024 \nPlease send all responses to:\n\nEntities:\nJuly 2024, August 2024, September 2024, General Information, Timeline \nEvent Date, Confirmation of Participation, 25 June 2024, 14 July 2024, June 2024\n\nRelated Context:\nJuly 2024, August 2024, September 2024, General Information, Timeline \nEvent Date, Confirmation of Participation, 25 June 2024, 14 July 2024, June 2024']","The RFP that lists 'Virtual Account Offerings' among its evaluation criteria is found in Enhanced Document 1. The evaluation criteria include:

- Geographic Coverage
- Customer Service
- Account Structure & Liquidity management
- Collections Solutions
- Virtual account
- Payments

The mention of 'Virtual account' indicates that it is part of the evaluation criteria for this RFP.",The AlTahadi Aviation Group banking cash‑management RFP explicitly lists provision of virtual account offerings as part of its evaluation criteria.
Which RFP schedules finalist presentations between 15 and 19 August 2024?,"['Text Content:\n• Customization Flexibility \n• Security Standards and Incident Response \n• Pricing Structure and Rebates \n• Client Support and Issue Resolution \n \nv. General Information \nRFP Timeline \nEvent Date \nRFP Released 25 June 2024 \nConfirmation of Participation 30 June 2024 \nDeadline for Questions 10 July 2024 \nAnswers Shared 14 July 2024 \nProposal Deadline 29 July 2024 \nFinalist Interviews 12–14 August 2024 \nPreferred Vendor Selection 1 September 2024 \nPlease send all responses to:\n\nEntities:\nJuly 2024, August 2024, September 2024, General Information, Timeline \nEvent Date, Confirmation of Participation, 25 June 2024, 14 July 2024, June 2024\n\nRelated Context:\nJuly 2024, August 2024, September 2024, General Information, Timeline \nEvent Date, Confirmation of Participation, 25 June 2024, 14 July 2024, June 2024', 'Text Content:\nJuly 13  \nRX response to Questions  July 18  \nBanks Submit Proposal  Aug 1st  \nRX Notification to shortlisted \nparties  \nAug 20  \nBank Presentations  From Aug 25 – Aug 29  \nAnticipated date of award  Oct 15  \n \nChanges to Request for Information/Proposal  \nXXX reserves the right to modify its RFP documents in any respect at any time prior to the \nclosing date. Any such amendments will be communicated to all bidders before the closing\n\nEntities:\nJuly 13, July 18\n\nRelated Context:\nJuly 13, July 18', 'Text Content:\nv. General Information \nTimetable \nEvent Date \nRFP Issuance 25 June 2024 \nConfirmation of Participation 28 June 2024 \nQuestions Submission Deadline 12 July 2024 \nNovaGrid Response to Questions 17 July 2024 \nFinal Proposal Due 2 August 2024 \nFinalist Presentations 15–19 August 2024 \nAward Notification 25 September 2024 \nAll communications and proposals should be submitted to: \nrfp.treasury@novagridenergy.com \n \nEthical Compliance & Legal Requirements\n\nEntities:\nGeneral Information \nTimetable \nEvent Date, Confirmation of Participation 28 June 2024, Finalist Presentations, July 2024, August 2024, September 2024, June 2024, s\n\nRelated Context:\nGeneral Information \nTimetable \nEvent Date, s, Confirmation of Participation 28 June 2024, NovaGrid Energy Corporation, Finalist Presentations, July 2024, August 2024, September 2024, June 2024']","The RFP that schedules finalist presentations between 15 and 19 August 2024 is detailed in Enhanced Document 3. The timeline for this RFP includes the following key dates:

- RFP Issuance: 25 June 2024
- Confirmation of Participation: 28 June 2024
- Questions Submission Deadline: 12 July 2024
- NovaGrid Response to Questions: 17 July 2024
- Final Proposal Due: 2 August 2024
- Finalist Presentations: 15–19 August 2024
- Award Notification: 25 September 2024

This information confirms that the finalist presentations are scheduled for the specified dates in August 2024.",NovaGrid Energy Corporation’s RFP timetable schedules finalist presentations to take place between 15 and 19 August 2024.
What is the estimated annual revenue stated for NovaGrid Energy Corporation?,"['Text Content:\n• Employees: 7,200 globally \n• Operational Markets: 23 countries \n• Energy Portfolio: 9.6 GW (current), 20 GW (target by 2030) \n• Annual Revenue: €4.2 billion \n• Flagship Projects: SolarisOne (Chile), HorizonWind (India), AtlasGrid (Kenya) \nMore information is available at: \n[www.novagridenergy.com] \n \niii. Scope of Work \nThe selected bank will be required to deliver integrated treasury and transaction \nservices to support NovaGrid’s evolving needs. Specific services include:\n\nEntities:\n2030, • Employees, • Energy Portfolio, • Flagship Projects, SolarisOne, HorizonWind, AtlasGrid, Chile, India, Kenya, Annual, The selected bank will be required to deliver integrated treasury and transaction \nservices to suppo, include:, €4.2 billion\n\nRelated Context:\n2030, • Employees, include:, The selected bank will be required to deliver integrated treasury and transaction \nservices to suppo, • Energy Portfolio, • Flagship Projects, SolarisOne, HorizonWind, AtlasGrid, Chile, India, Keny...', 'Text Content:\nenergy infrastructure, headquartered in Oslo, Norway. Established in 2010, NovaGrid \nhas grown into a global clean energy leader, with over 150 operational solar, wind, and \nhybrid power projects in 23 countries. \nWe serve both utility-scale and distributed generation markets and have committed to \ndelivering 20 GW of clean energy capacity by 2030, aligned with global climate goals. \nNovaGrid at a Glance: \n• Headquarters: Oslo, Norway \n• Employees: 7,200 globally\n\nEntities:\nOslo, Norway, 2010, 2030, • Headquarters\n\nRelated Context:\nOslo, Norway, 2010, 2030, • Headquarters', 'Text Content:\ndigital solutions, and support NovaGrid’s ESG-linked financing and investment \nstrategies. \nThis RFP seeks a partner to provide sophisticated liquidity solutions, streamline our \nglobal payments infrastructure, and help us optimize capital allocation across diverse \nmarkets, including renewable energy project sites in Asia, Africa, and South America. \n \nii. Company Background \nNovaGrid Energy Corporation is a leading developer and operator of sustainable\n\nEntities:\nSouth America, payment, Background \nNovaGrid Energy Corporation, Asia, Africa\n\nRelated Context:\nSouth America, payment, Background \nNovaGrid Energy Corporation, Asia, Africa']",The estimated annual revenue for NovaGrid Energy Corporation is €4.2 billion.,NovaGrid Energy Corporation reports an estimated annual revenue of approximately €4.2 billion.
"Comparing the interval from RFP issuance (25 Jun 2024) to proposal deadline, which RFP has the shortest window and how many days is it?","['Text Content:\n• Customization Flexibility \n• Security Standards and Incident Response \n• Pricing Structure and Rebates \n• Client Support and Issue Resolution \n \nv. General Information \nRFP Timeline \nEvent Date \nRFP Released 25 June 2024 \nConfirmation of Participation 30 June 2024 \nDeadline for Questions 10 July 2024 \nAnswers Shared 14 July 2024 \nProposal Deadline 29 July 2024 \nFinalist Interviews 12–14 August 2024 \nPreferred Vendor Selection 1 September 2024 \nPlease send all responses to:\n\nEntities:\nJuly 2024, August 2024, September 2024, General Information, Timeline \nEvent Date, Confirmation of Participation, 25 June 2024, 14 July 2024, June 2024\n\nRelated Context:\nJuly 2024, August 2024, September 2024, General Information, Timeline \nEvent Date, Confirmation of Participation, 25 June 2024, 14 July 2024, June 2024', 'Text Content:\nJuly 13  \nRX response to Questions  July 18  \nBanks Submit Proposal  Aug 1st  \nRX Notification to shortlisted \nparties  \nAug 20  \nBank Presentations  From Aug 25 – Aug 29  \nAnticipated date of award  Oct 15  \n \nChanges to Request for Information/Proposal  \nXXX reserves the right to modify its RFP documents in any respect at any time prior to the \nclosing date. Any such amendments will be communicated to all bidders before the closing\n\nEntities:\nJuly 13, July 18\n\nRelated Context:\nJuly 13, July 18', 'Text Content:\nv. General Information \nTimetable \nEvent Date \nRFP Issuance 25 June 2024 \nConfirmation of Participation 28 June 2024 \nQuestions Submission Deadline 12 July 2024 \nNovaGrid Response to Questions 17 July 2024 \nFinal Proposal Due 2 August 2024 \nFinalist Presentations 15–19 August 2024 \nAward Notification 25 September 2024 \nAll communications and proposals should be submitted to: \nrfp.treasury@novagridenergy.com \n \nEthical Compliance & Legal Requirements\n\nEntities:\nGeneral Information \nTimetable \nEvent Date, Confirmation of Participation 28 June 2024, Finalist Presentations, July 2024, August 2024, September 2024, June 2024, s\n\nRelated Context:\nGeneral Information \nTimetable \nEvent Date, s, Confirmation of Participation 28 June 2024, Finalist Presentations, July 2024, August 2024, September 2024, June 2024, NovaGrid Energy Corporation']","To determine which RFP has the shortest window from issuance to proposal deadline, we analyze the timelines provided in the retrieved documents.

1. **Enhanced Document 1**:
   - RFP Issued: 25 June 2024
   - Proposal Deadline: 29 July 2024
   - Interval: 29 July 2024 - 25 June 2024 = 34 days

2. **Enhanced Document 2**:
   - RFP Issued: 25 June 2024
   - Proposal Deadline: 1 August 2024
   - Interval: 1 August 2024 - 25 June 2024 = 37 days

3. **Enhanced Document 3**:
   - RFP Issued: 25 June 2024
   - Proposal Deadline: 2 August 2024
   - Interval: 2 August 2024 - 25 June 2024 = 38 days

Comparing the intervals:
- Document 1: 34 days
- Document 2: 37 days
- Document 3: 38 days

The RFP with the shortest window is from **Enhanced Document 1**, with an interval of **34 days** from RFP issuance to proposal deadline.",AtlasVentures Consulting Group’s corporate card RFP offers the shortest proposal window—34 days—from issuance on 25 June 2024 to the submission deadline on 29 July 2024.
Which RFP requires both AI/ML‑driven policy enforcement and a mobile‑first user experience?,"['Text Content:\n7. Mobile-first UX for Employees \n8. Cardholder and Admin Dashboards \n9. Travel Booking Integration (optional) \n10. Fraud Detection & Risk Controls \n11. Global 24/7 Customer Service \n12. Consolidated Reporting & Analytics \n \niv. Evaluation Criteria \nSubmissions will be evaluated on: \n• Global Card Acceptance and Regional Support \n• User Experience and Mobile Functionality \n• Integration Capability and API Standards \n• Policy Automation and AI Controls \n• Customization Flexibility\n\nEntities:\nTravel Booking Integration, Fraud Detection & Risk Controls, Global 24/7 Customer Service, Consolidated Reporting & Analytics, 12, 11. Global 24/7 Customer Service, Admin Dashboards\n\nRelated Context:\nTravel Booking Integration, Admin Dashboards, 11. Global 24/7 Customer Service, 12, Fraud Detection & Risk Controls, Global 24/7 Customer Service, Consolidated Reporting & Analytics, Client Management, Customer Service, Bank Integration  \n10, Transaction Services, Credit Facilities, Liquid...', 'Text Content:\nRequest for Proposal \nCorporate Card and Expense Management Program \nFor \nAtlasVentures Consulting Group \n25 June 2024 \n \ni. Purpose of the RFP \nAtlasVentures Consulting Group seeks proposals from qualified financial institutions to \nprovide an integrated corporate card and expense management solution to support its \nglobal operations. The selected provider will help streamline employee spend, enhance \npolicy compliance, and integrate seamlessly with our finance systems.\n\nEntities:\nExpense Management Program, AtlasVentures Consulting Group, June 2024\n\nRelated Context:\nExpense Management Program, AtlasVentures Consulting Group, June 2024', 'Text Content:\n• Customization Flexibility \n• Security Standards and Incident Response \n• Pricing Structure and Rebates \n• Client Support and Issue Resolution \n \nv. General Information \nRFP Timeline \nEvent Date \nRFP Released 25 June 2024 \nConfirmation of Participation 30 June 2024 \nDeadline for Questions 10 July 2024 \nAnswers Shared 14 July 2024 \nProposal Deadline 29 July 2024 \nFinalist Interviews 12–14 August 2024 \nPreferred Vendor Selection 1 September 2024 \nPlease send all responses to:\n\nEntities:\nJuly 2024, August 2024, September 2024, General Information, Timeline \nEvent Date, Confirmation of Participation, 25 June 2024, 14 July 2024, June 2024\n\nRelated Context:\nJuly 2024, August 2024, September 2024, General Information, Timeline \nEvent Date, Confirmation of Participation, 25 June 2024, 14 July 2024, June 2024']","The RFP that requires both AI/ML-driven policy enforcement and a mobile-first user experience is the one described in Enhanced Document 1. This document mentions ""Policy Automation and AI Controls"" as part of the evaluation criteria, indicating the need for AI/ML-driven policy enforcement. Additionally, it emphasizes ""User Experience and Mobile Functionality,"" which aligns with the requirement for a mobile-first user experience.",The AtlasVentures Consulting Group RFP stipulates that the chosen provider must deliver both AI/ML‑driven policy enforcement and a mobile‑first user experience.
"Which RFP mandates account rationalization and real‑time reporting dashboards across projects in Asia, Africa, and South America?","['Text Content:\n• Virtual account.  \n• Payments.  \n• Integration.  \n• Sustainability.  \n• Innovation and Digital Strategy.  \n• Pricing.  \n \n \nv. General Information  \n \nTimetable  \nXXX anticipates the following \ngeneral time frames in connection \nwith issuance of this RFP , review, \nand analysis of proposals. Event  \nTime Frame  \nRFP Issuance  Jun 25  \nBanks Confirmation of RFP Receipt  Jun 27  \nBanks Submit RFP Questions / \nNotify Non-participation  \nJuly 13  \nRX response to Questions  July 18\n\nEntities:\n• Virtual, Digital Strategy, General Information  \n \nTimetable, Notify Non-participation, July 13, July 18, Receipt  Jun 27, Payment\n\nRelated Context:\n• Virtual, Payment, Receipt  Jun 27, Liquidity management, Digital Strategy, General Information  \n \nTimetable, Notify Non-participation, July 13, July 18, NovaGrid Energy Corporation, • Account Structure & Liquidity, Client Management, Customer Service, Bank Integration  \n10', 'Text Content:\nRequest for Proposal \nCorporate Card and Expense Management Program \nFor \nAtlasVentures Consulting Group \n25 June 2024 \n \ni. Purpose of the RFP \nAtlasVentures Consulting Group seeks proposals from qualified financial institutions to \nprovide an integrated corporate card and expense management solution to support its \nglobal operations. The selected provider will help streamline employee spend, enhance \npolicy compliance, and integrate seamlessly with our finance systems.\n\nEntities:\nExpense Management Program, AtlasVentures Consulting Group, June 2024\n\nRelated Context:\nExpense Management Program, AtlasVentures Consulting Group, June 2024', 'Text Content:\ndigital solutions, and support NovaGrid’s ESG-linked financing and investment \nstrategies. \nThis RFP seeks a partner to provide sophisticated liquidity solutions, streamline our \nglobal payments infrastructure, and help us optimize capital allocation across diverse \nmarkets, including renewable energy project sites in Asia, Africa, and South America. \n \nii. Company Background \nNovaGrid Energy Corporation is a leading developer and operator of sustainable\n\nEntities:\nSouth America, payment, Background \nNovaGrid Energy Corporation, Asia, Africa\n\nRelated Context:\nSouth America, payment, Background \nNovaGrid Energy Corporation, Asia, Africa']","The RFP that mandates account rationalization and real-time reporting dashboards across projects in Asia, Africa, and South America is associated with NovaGrid Energy Corporation. This RFP seeks a partner to provide sophisticated liquidity solutions and optimize capital allocation across diverse markets, including renewable energy project sites in these regions.","NovaGrid Energy Corporation’s RFP mandates account rationalization and real‑time reporting dashboards to support renewable‑energy projects spanning Asia, Africa, and South America."
Which RFP emphasizes sustainability in its evaluation criteria and also requires liquidity management in its scope of work?,"['Text Content:\n13. Competitive Pricing & Innovation Incentives \n \niv. Evaluation Criteria \nProposals will be assessed based on: \n• Global Coverage and Renewable Sector Experience \n• Digital Maturity and System Integration Capability \n• ESG and Sustainability Credentials \n• Risk and Compliance Framework \n• Pricing Transparency and Fee Competitiveness \n• Service Delivery Model and SLA Commitments \n• Relationship Management and Governance \n \nv. General Information \nTimetable \nEvent Date\n\nEntities:\nCompetitive Pricing & Innovation Incentives, Sustainability Credentials \n• Risk and Compliance Framework \n• Pricing Transparency and Fee Competitiveness \n• Service Delivery Model, Governance \n \nv. General Information \nTimetable \nEvent Date, Delivery Model and SLA Commitments \n• Relationship Management and Governance \n \nv\n\nRelated Context:\nCompetitive Pricing & Innovation Incentives, Payment, Delivery Model and SLA Commitments \n• Relationship Management and Governance \n \nv, Liquidity Management, 1...', 'Text Content:\n• Virtual account.  \n• Payments.  \n• Integration.  \n• Sustainability.  \n• Innovation and Digital Strategy.  \n• Pricing.  \n \n \nv. General Information  \n \nTimetable  \nXXX anticipates the following \ngeneral time frames in connection \nwith issuance of this RFP , review, \nand analysis of proposals. Event  \nTime Frame  \nRFP Issuance  Jun 25  \nBanks Confirmation of RFP Receipt  Jun 27  \nBanks Submit RFP Questions / \nNotify Non-participation  \nJuly 13  \nRX response to Questions  July 18\n\nEntities:\n• Virtual, Digital Strategy, General Information  \n \nTimetable, Notify Non-participation, July 13, July 18, Receipt  Jun 27, Payment\n\nRelated Context:\n• Virtual, Payment, Receipt  Jun 27, Liquidity management, Digital Strategy, General Information  \n \nTimetable, Notify Non-participation, July 13, July 18, NovaGrid Energy Corporation, • Account Structure & Liquidity, Client Management, Customer Service, Bank Integration  \n10', 'Text Content:\nRequest For Proposal  \nBanking Cash Management Services  \nFor  \nAviation Services Company  \n(XXX)  \n25 Jun 2024  \n \ni. Purpose of the RFP:  \n \nThe primary objective of issuing this Request for Proposal (RFP) is to identify and select an \ninternational banking partner that aligns closely with XXX strategic objectives and can provide \ncomprehensive support for international expansion efforts. By engaging with leading\n\nEntities:\nFor  \nAviation Services Company  \n(XXX)  \n25 Jun 2024  \n \ni, Banking, Cash Management, XXX, banking\n\nRelated Context:\nFor  \nAviation Services Company  \n(XXX)  \n25 Jun 2024  \n \ni, Banking, Client Management, Customer Service, Bank Integration  \n10, Transaction Services, Credit Facilities, Liquidity Management  \n4, Cash Management, XXX, AAA_Country’s, PIF, the Public Investment Fund, banking, NovaGrid Energy Corporation, ASC, Aviation Industry Expertise, Geographical Reach, ZZZ']","The RFP that emphasizes sustainability in its evaluation criteria and also requires liquidity management in its scope of work is the one described in Enhanced Document 1. This document lists ""ESG and Sustainability Credentials"" as part of its evaluation criteria, indicating a focus on sustainability. Additionally, the Related Context mentions ""Liquidity Management,"" which suggests that liquidity management is a requirement within the scope of work for this RFP. 

Therefore, the RFP from Enhanced Document 1 meets both criteria of emphasizing sustainability and requiring liquidity management.",The AlTahadi Aviation Group RFP puts sustainability in its evaluation criteria while simultaneously requiring comprehensive liquidity‑management solutions.
"Considering projected economic impact, which company forecasts the largest contribution by 2030 and what is that figure?","['Text Content:\n• 2025 – XXX will take flight.  \n• 72 Boeing 787-9 Dreamliner aircraft order – 39 confirmed | 33 optional.  \n• +200k - Job opportunities created directly and indirectly by 2030.  \n \nAAA_Country in Numbers  \n• Population – over 35 million.  \n• Average age – 30 Years old.  \n• GDP - greater than USD 830 billion.  \n \nZZZ City in Numbers  \n• Twenty per cent. (20%) of AAA_Country’s population live in ZZZ.  \n• Over SAR825 billion in investments to transform ZZZ into a global city by 2030.\n\nEntities:\n2030, ZZZ, AAA_Country, Boeing, ZZZ City, 20%\n\nRelated Context:\n2030, ZZZ, banking, AAA_Country, Company – XXX, Boeing, ZZZ City, 20%', 'Text Content:\n• As part of the overall strategy of the airline, the airline will incorporate cutting edge \ntechnologies across various touchpoints.  \n• The airline will be digitally born which requires integration of the customer experience offering \nwith digital systems.  \n• It is expected to add USD20 billion to the country’s non-oil GDP and create >200k jobs both \ndirectly and indirectly by end of 2030.  \n \nXXX in Numbers  \n• +100 - Destinations by 2030.  \n• 2025 – XXX will take flight.\n\nEntities:\n2030, 2025\n\nRelated Context:\n2030, 2025', 'Text Content:\nsectors including healthcare, tech, infrastructure, and government transformation. \nOur business involves frequent cross-border travel, dynamic client engagements, and \ncomplex project-based expense structures that require modern, agile financial tools. \nAtlasVentures Snapshot: \n• Global Headcount: 3,800 consultants \n• Presence: 60 offices in 45 countries \n• Annual Revenue: USD 1.1 billion \n• Top Clients: Confidential (Fortune 100) \n• Technology Stack: Workday Financials, SAP Concur\n\nEntities:\nAnnual, • Technology Stack, Workday Financials, SAP Concur, USD 1.1 billion\n\nRelated Context:\nAnnual, • Technology Stack, Workday Financials, SAP Concur, We require a financial institution to deliver a corporate card and expense management \nplatform with, USD 1.1 billion']","The company that forecasts the largest contribution by 2030 is XXX, which is expected to add USD 20 billion to the country’s non-oil GDP and create over 200,000 jobs both directly and indirectly by the end of 2030.","AlTahadi Aviation Group forecasts the largest projected economic impact, estimating a USD 20 billion contribution to the Kingdom’s non‑oil GDP by 2030."
"Among the three organizations, which reports the highest current annual revenue?","['Text Content:\nsectors including healthcare, tech, infrastructure, and government transformation. \nOur business involves frequent cross-border travel, dynamic client engagements, and \ncomplex project-based expense structures that require modern, agile financial tools. \nAtlasVentures Snapshot: \n• Global Headcount: 3,800 consultants \n• Presence: 60 offices in 45 countries \n• Annual Revenue: USD 1.1 billion \n• Top Clients: Confidential (Fortune 100) \n• Technology Stack: Workday Financials, SAP Concur\n\nEntities:\nAnnual, • Technology Stack, Workday Financials, SAP Concur, USD 1.1 billion\n\nRelated Context:\nAnnual, • Technology Stack, Workday Financials, SAP Concur, We require a financial institution to deliver a corporate card and expense management \nplatform with, USD 1.1 billion', 'Text Content:\nWe aim to achieve real-time visibility into corporate spending, simplify reconciliation, \nand optimize working capital through smart credit and reporting tools. \n \nii. Company Background \nAtlasVentures Consulting Group is a privately held, global strategy and management \nconsulting firm headquartered in Toronto, Canada. Since its founding in 2002, \nAtlasVentures has expanded into 45 countries, supporting Fortune 500 clients in\n\nEntities:\nAtlasVentures Consulting Group, AtlasVentures, Toronto, Canada, 2002\n\nRelated Context:\nAtlasVentures Consulting Group, AtlasVentures, Toronto, Canada, 2002', 'Text Content:\n• Employees: 7,200 globally \n• Operational Markets: 23 countries \n• Energy Portfolio: 9.6 GW (current), 20 GW (target by 2030) \n• Annual Revenue: €4.2 billion \n• Flagship Projects: SolarisOne (Chile), HorizonWind (India), AtlasGrid (Kenya) \nMore information is available at: \n[www.novagridenergy.com] \n \niii. Scope of Work \nThe selected bank will be required to deliver integrated treasury and transaction \nservices to support NovaGrid’s evolving needs. Specific services include:\n\nEntities:\n2030, • Employees, • Energy Portfolio, • Flagship Projects, SolarisOne, HorizonWind, AtlasGrid, Chile, India, Kenya, Annual, The selected bank will be required to deliver integrated treasury and transaction \nservices to suppo, include:, €4.2 billion\n\nRelated Context:\n2030, • Employees, include:, The selected bank will be required to deliver integrated treasury and transaction \nservices to suppo, • Energy Portfolio, • Flagship Projects, SolarisOne, HorizonWind, AtlasGrid, Chile, India, Keny...']","Among the three organizations, NovaGrid reports the highest current annual revenue of €4.2 billion. In comparison, AtlasVentures reports an annual revenue of USD 1.1 billion.","Among the three companies, NovaGrid Energy Corporation currently reports the highest annual revenue at €4.2 billion."
"If a bank specializes in AI‑driven expense analytics, which RFP should it prioritize and why?","['Text Content:\nRequest for Proposal \nCorporate Card and Expense Management Program \nFor \nAtlasVentures Consulting Group \n25 June 2024 \n \ni. Purpose of the RFP \nAtlasVentures Consulting Group seeks proposals from qualified financial institutions to \nprovide an integrated corporate card and expense management solution to support its \nglobal operations. The selected provider will help streamline employee spend, enhance \npolicy compliance, and integrate seamlessly with our finance systems.\n\nEntities:\nExpense Management Program, AtlasVentures Consulting Group, June 2024\n\nRelated Context:\nExpense Management Program, AtlasVentures Consulting Group, June 2024', 'Text Content:\nRequest For Proposal  \nBanking Cash Management Services  \nFor  \nAviation Services Company  \n(XXX)  \n25 Jun 2024  \n \ni. Purpose of the RFP:  \n \nThe primary objective of issuing this Request for Proposal (RFP) is to identify and select an \ninternational banking partner that aligns closely with XXX strategic objectives and can provide \ncomprehensive support for international expansion efforts. By engaging with leading\n\nEntities:\nFor  \nAviation Services Company  \n(XXX)  \n25 Jun 2024  \n \ni, Banking, Cash Management, XXX, banking\n\nRelated Context:\nFor  \nAviation Services Company  \n(XXX)  \n25 Jun 2024  \n \ni, Banking, Client Management, Customer Service, Bank Integration  \n10, Transaction Services, Credit Facilities, Liquidity Management  \n4, Cash Management, XXX, AAA_Country’s, PIF, the Public Investment Fund, banking, NovaGrid Energy Corporation, ASC, Aviation Industry Expertise, Geographical Reach, ZZZ', 'Text Content:\ninternational banks through this RFP process, we aim to establish a robust banking \ninfrastructure that facilitates seamless operations, enhances liquidity management, and \noptimizes cash flow across our global footprint. Through this collaborative partnership, we seek \nto leverage the expertise and capabilities of our selected banking partner to drive sustainable \ngrowth, mitigate risks, and capitalize on emerging opportunities in overseas markets.  \nii. Company Background\n\nEntities:\nof our selected banking partner to drive sustainable \ngrowth, mitigate risks, and capitalize on emer, liquidity management, banking\n\nRelated Context:\nof our selected banking partner to drive sustainable \ngrowth, mitigate risks, and capitalize on emer, liquidity management, banking, NovaGrid Energy Corporation, ASC, Aviation Industry Expertise, Geographical Reach, ZZZ']","A bank that specializes in AI-driven expense analytics should prioritize the Request for Proposal (RFP) from AtlasVentures Consulting Group for the Corporate Card and Expense Management Program. This RFP specifically seeks proposals from financial institutions to provide an integrated corporate card and expense management solution, which aligns directly with the bank's expertise in AI-driven expense analytics. The focus on streamlining employee spend and enhancing policy compliance indicates a strong need for advanced analytics capabilities, making this RFP the most relevant for the bank's specialization. 

In contrast, the RFP from the Aviation Services Company focuses on banking cash management services and international expansion, which does not directly relate to expense analytics. Therefore, the AtlasVentures Consulting Group RFP is the priority for the bank.",A bank that specializes in AI‑driven expense analytics should prioritize the AtlasVentures Consulting Group RFP because it explicitly demands AI/ML‑based policy‑enforcement capabilities.
Which RFP lists both cloud‑based ERP/API integration support and FX hedging in its scope of work?,"['Text Content:\n• Virtual account.  \n• Payments.  \n• Integration.  \n• Sustainability.  \n• Innovation and Digital Strategy.  \n• Pricing.  \n \n \nv. General Information  \n \nTimetable  \nXXX anticipates the following \ngeneral time frames in connection \nwith issuance of this RFP , review, \nand analysis of proposals. Event  \nTime Frame  \nRFP Issuance  Jun 25  \nBanks Confirmation of RFP Receipt  Jun 27  \nBanks Submit RFP Questions / \nNotify Non-participation  \nJuly 13  \nRX response to Questions  July 18\n\nEntities:\n• Virtual, Digital Strategy, General Information  \n \nTimetable, Notify Non-participation, July 13, July 18, Receipt  Jun 27, Payment\n\nRelated Context:\n• Virtual, Payment, Receipt  Jun 27, Liquidity management, Digital Strategy, General Information  \n \nTimetable, Notify Non-participation, July 13, July 18, NovaGrid Energy Corporation, • Account Structure & Liquidity, Client Management, Customer Service, Bank Integration  \n10', 'Text Content:\n• Customization Flexibility \n• Security Standards and Incident Response \n• Pricing Structure and Rebates \n• Client Support and Issue Resolution \n \nv. General Information \nRFP Timeline \nEvent Date \nRFP Released 25 June 2024 \nConfirmation of Participation 30 June 2024 \nDeadline for Questions 10 July 2024 \nAnswers Shared 14 July 2024 \nProposal Deadline 29 July 2024 \nFinalist Interviews 12–14 August 2024 \nPreferred Vendor Selection 1 September 2024 \nPlease send all responses to:\n\nEntities:\nJuly 2024, August 2024, September 2024, General Information, Timeline \nEvent Date, Confirmation of Participation, 25 June 2024, 14 July 2024, June 2024\n\nRelated Context:\nJuly 2024, August 2024, September 2024, General Information, Timeline \nEvent Date, Confirmation of Participation, 25 June 2024, 14 July 2024, June 2024', 'Text Content:\nRequest For Proposal  \nBanking Cash Management Services  \nFor  \nAviation Services Company  \n(XXX)  \n25 Jun 2024  \n \ni. Purpose of the RFP:  \n \nThe primary objective of issuing this Request for Proposal (RFP) is to identify and select an \ninternational banking partner that aligns closely with XXX strategic objectives and can provide \ncomprehensive support for international expansion efforts. By engaging with leading\n\nEntities:\nFor  \nAviation Services Company  \n(XXX)  \n25 Jun 2024  \n \ni, Banking, Cash Management, XXX, banking\n\nRelated Context:\nFor  \nAviation Services Company  \n(XXX)  \n25 Jun 2024  \n \ni, Banking, Client Management, Customer Service, Bank Integration  \n10, Transaction Services, Credit Facilities, Liquidity Management  \n4, Cash Management, XXX, AAA_Country’s, PIF, the Public Investment Fund, banking, NovaGrid Energy Corporation, ASC, Aviation Industry Expertise, Geographical Reach, ZZZ']","The retrieved documents do not provide specific information regarding any RFP that lists both cloud-based ERP/API integration support and FX hedging in its scope of work. The Text Content sections mention various topics such as payments, integration, customization flexibility, and banking cash management services, but none explicitly state the inclusion of cloud-based ERP/API integration support or FX hedging. Therefore, based on the available information, I cannot identify an RFP that meets the criteria specified in the question.",NovaGrid Energy Corporation’s RFP is the one that calls for both cloud‑based ERP/API integration support and FX hedging services.
Name two capabilities that are common to both the AlTahadi and NovaGrid RFPs but are absent from the AtlasVentures RFP.,"['Text Content:\ndigital solutions, and support NovaGrid’s ESG-linked financing and investment \nstrategies. \nThis RFP seeks a partner to provide sophisticated liquidity solutions, streamline our \nglobal payments infrastructure, and help us optimize capital allocation across diverse \nmarkets, including renewable energy project sites in Asia, Africa, and South America. \n \nii. Company Background \nNovaGrid Energy Corporation is a leading developer and operator of sustainable\n\nEntities:\nSouth America, payment, Background \nNovaGrid Energy Corporation, Asia, Africa\n\nRelated Context:\nSouth America, payment, Background \nNovaGrid Energy Corporation, Asia, Africa', 'Text Content:\nEthical Compliance & Legal Requirements \nBidders must comply with international anti-corruption laws and provide full \ntransparency in pricing and affiliations. Proposals must be free from conflicts of interest \nand undue influence. NovaGrid reserves the right to disqualify submissions that do not \nmeet these standards.\n\nEntities:\nEthical Compliance & Legal Requirements \nBidders, Bidders must comply with international anti-corruption laws and provide full \ntransparency in pricin\n\nRelated Context:\nEthical Compliance & Legal Requirements \nBidders, Bidders must comply with international anti-corruption laws and provide full \ntransparency in pricin', 'Text Content:\nRequest for Proposal \nCorporate Card and Expense Management Program \nFor \nAtlasVentures Consulting Group \n25 June 2024 \n \ni. Purpose of the RFP \nAtlasVentures Consulting Group seeks proposals from qualified financial institutions to \nprovide an integrated corporate card and expense management solution to support its \nglobal operations. The selected provider will help streamline employee spend, enhance \npolicy compliance, and integrate seamlessly with our finance systems.\n\nEntities:\nExpense Management Program, AtlasVentures Consulting Group, June 2024\n\nRelated Context:\nExpense Management Program, AtlasVentures Consulting Group, June 2024']","Two capabilities that are common to both the AlTahadi and NovaGrid RFPs but are absent from the AtlasVentures RFP are:

1. **Sophisticated liquidity solutions** - This capability is mentioned in the NovaGrid RFP, indicating a need for advanced financial solutions to manage liquidity effectively.

2. **Global payments infrastructure** - The NovaGrid RFP also highlights the need to streamline global payments infrastructure, which is not mentioned in the AtlasVentures RFP focused on corporate card and expense management solutions. 

The AtlasVentures RFP is specifically centered on integrated corporate card and expense management, lacking the broader financial capabilities found in the NovaGrid RFP.",Liquidity management and sustainability/ESG reporting are capabilities required by both the AlTahadi and NovaGrid RFPs but are not mentioned in the AtlasVentures RFP.
"To optimize RFP cycle times, which company demonstrates the fastest issuance‑to‑award duration and what is that duration in days?","['Text Content:\n• Customization Flexibility \n• Security Standards and Incident Response \n• Pricing Structure and Rebates \n• Client Support and Issue Resolution \n \nv. General Information \nRFP Timeline \nEvent Date \nRFP Released 25 June 2024 \nConfirmation of Participation 30 June 2024 \nDeadline for Questions 10 July 2024 \nAnswers Shared 14 July 2024 \nProposal Deadline 29 July 2024 \nFinalist Interviews 12–14 August 2024 \nPreferred Vendor Selection 1 September 2024 \nPlease send all responses to:\n\nEntities:\nJuly 2024, August 2024, September 2024, General Information, Timeline \nEvent Date, Confirmation of Participation, 25 June 2024, 14 July 2024, June 2024\n\nRelated Context:\nJuly 2024, August 2024, September 2024, General Information, Timeline \nEvent Date, Confirmation of Participation, 25 June 2024, 14 July 2024, June 2024', 'Text Content:\nJuly 13  \nRX response to Questions  July 18  \nBanks Submit Proposal  Aug 1st  \nRX Notification to shortlisted \nparties  \nAug 20  \nBank Presentations  From Aug 25 – Aug 29  \nAnticipated date of award  Oct 15  \n \nChanges to Request for Information/Proposal  \nXXX reserves the right to modify its RFP documents in any respect at any time prior to the \nclosing date. Any such amendments will be communicated to all bidders before the closing\n\nEntities:\nJuly 13, July 18\n\nRelated Context:\nJuly 13, July 18', 'Text Content:\n• Virtual account.  \n• Payments.  \n• Integration.  \n• Sustainability.  \n• Innovation and Digital Strategy.  \n• Pricing.  \n \n \nv. General Information  \n \nTimetable  \nXXX anticipates the following \ngeneral time frames in connection \nwith issuance of this RFP , review, \nand analysis of proposals. Event  \nTime Frame  \nRFP Issuance  Jun 25  \nBanks Confirmation of RFP Receipt  Jun 27  \nBanks Submit RFP Questions / \nNotify Non-participation  \nJuly 13  \nRX response to Questions  July 18\n\nEntities:\n• Virtual, Digital Strategy, General Information  \n \nTimetable, Notify Non-participation, July 13, July 18, Receipt  Jun 27, Payment\n\nRelated Context:\n• Virtual, Payment, Receipt  Jun 27, Liquidity management, Digital Strategy, General Information  \n \nTimetable, Notify Non-participation, July 13, July 18, NovaGrid Energy Corporation, • Account Structure & Liquidity, Client Management, Customer Service, Bank Integration  \n10']","Based on the retrieved documents, the company that demonstrates the fastest issuance-to-award duration is not explicitly stated. However, we can calculate the duration for the RFP process mentioned in Enhanced Document 1 and Enhanced Document 2.

From Enhanced Document 1:
- RFP Released: 25 June 2024
- Preferred Vendor Selection: 1 September 2024

From Enhanced Document 2:
- Banks Submit Proposal: 1 August 2024
- Anticipated date of award: 15 October 2024

Calculating the duration for Enhanced Document 1:
- From 25 June 2024 to 1 September 2024 is 67 days.

Calculating the duration for Enhanced Document 2:
- From 1 August 2024 to 15 October 2024 is 75 days.

Thus, the fastest issuance-to-award duration is 67 days, as per the timeline in Enhanced Document 1.","AtlasVentures Consulting Group exhibits the fastest overall RFP cycle, moving from issuance to anticipated award in just 68 days."
